{"flutter":{"platforms":{"android":{"default":{"projectId":"healthcare-31ca1","appId":"1:886737043713:android:ec256ffccce914e31b9b00","fileOutput":"android/app/google-services.json"}},"dart":{"lib/firebase_options.dart":{"projectId":"healthcare-31ca1","configurations":{"android":"1:886737043713:android:ec256ffccce914e31b9b00","ios":"1:886737043713:ios:c5fecc76c9f11c061b9b00","macos":"1:886737043713:ios:c5fecc76c9f11c061b9b00","web":"1:886737043713:web:e909ab75b4e6d4a61b9b00","windows":"1:886737043713:web:e61949b665e469391b9b00"}}}}}}